"team1","team2","t1_q1","t2_q1","t1_q2","t2_q2","t1_q3","t2_q3","t1_q4","t2_q4","team1_score","team2_score","match_facts","umpires","home_median_experience","home_mean_experience","home_sd_experience","home_300","home_milestone","away_median_experience","away_mean_experience","away_sd_experience","away_300","away_milestone"
"Carlton","Richmond","0.1.1","5.4.34","4.4.28","7.8.50","8.8.56","10.9.69","9.10.64","14.13.97","64","97","Round: 1 Venue: M.C.G. Date: Thu, 21-Mar-2019 7:25 PM (6:25 PM) Attendance: 85016","Simon Meredith (342), Rob Findlay (213), Craig Fleer (100)","45.5","77.3181818181818","85.7279119760588","0","1","113","112.227272727273","75.4831623092713","0","1"
"Collingwood","Geelong","3.5.23","2.2.14","4.9.33","3.4.22","7.10.52","7.10.52","9.11.65","10.12.72","65","72","Round: 1 Venue: M.C.G. Date: Fri, 22-Mar-2019 7:50 PM (6:50 PM) Attendance: 78017","Matt Stevic (357), David Harris (116), Leigh Haussen (34)","85.5","108.5","71.1495741713322","0","0","62.5","102.545454545455","102.457297619534","0","0"
"Melbourne","Port Adelaide","4.3.27","2.4.16","6.5.41","6.8.44","9.7.61","10.9.69","9.7.61","12.15.87","61","87","Round: 1 Venue: M.C.G. Date: Sat, 23-Mar-2019 1:45 PM (12:45 PM) Attendance: 38866","Brett Rosebury (400), Andrew Stephens (87), Brendan Hosking (132)","63.5","76.1363636363636","62.3998591684502","0","0","63","99.6363636363636","90.3556704703539","0","0"
"Adelaide","Hawthorn","1.2.8","2.4.16","5.4.34","6.7.43","5.6.36","9.14.68","7.13.55","12.15.87","55","87","Round: 1 Venue: Adelaide Oval Date: Sat, 23-Mar-2019 4:05 PM (3:35 PM) Attendance: 50180","Nick Foot (114), Ray Chamberlain (288), Andre Gianfagna (15)","123","120.181818181818","85.6146607180694","0","0","115.5","119.590909090909","98.051812877978","0","0"
"Western Bulldogs","Sydney","4.5.29","1.2.8","6.8.44","1.5.11","9.14.68","5.6.36","11.16.82","9.11.65","82","65","Round: 1 Venue: Docklands Date: Sat, 23-Mar-2019 7:25 PM (6:25 PM) Attendance: 32303","Shaun Ryan (306), Rob OGorman (87), Nick Brown (37)","68","72.7272727272727","45.8539937692318","0","2","77.5","107.045454545455","92.3407134437858","0","0"
"Brisbane Lions","West Coast","1.5.11","6.2.38","8.6.54","7.5.47","11.10.76","7.5.47","15.12.102","8.10.58","102","58","Round: 1 Venue: Gabba Date: Sat, 23-Mar-2019 7:20 PM Attendance: 20029","Shane McInerney (485), Nathan Williamson (46), Brent Wallace (47)","78.5","93.5","74.8654348370016","0","0","79.5","94.3181818181818","75.87608090617","0","1"
"St Kilda","Gold Coast","4.1.25","5.2.32","9.4.58","7.3.45","12.4.76","10.4.64","13.7.85","13.6.84","85","84","Round: 1 Venue: Docklands Date: Sun, 24-Mar-2019 1:10 PM (12:10 PM) Attendance: 20291","Jeff Dalgleish (190), Sam Hay (180), Hayden Gavine (30)","64.5","69.6818181818182","54.8794231224334","0","0","61","64.7727272727273","54.982189166503","0","0"
"Greater Western Sydney","Essendon","3.2.20","0.4.4","7.8.50","2.5.17","10.13.73","3.8.26","16.16.112","5.10.40","112","40","Round: 1 Venue: Sydney Showground Date: Sun, 24-Mar-2019 3:20 PM (2:20 PM) Attendance: 15424","Dean Margetts (324), Leigh Fisher (115), Andrew Mitchell (113)","72","90.4090909090909","76.1618946661268","0","1","69.5","86.2272727272727","50.6979212668451","0","0"
"Fremantle","North Melbourne","5.4.34","2.0.12","11.9.75","6.0.36","16.13.109","7.2.44","21.15.141","9.5.59","141","59","Round: 1 Venue: Perth Stadium Date: Sun, 24-Mar-2019 3:20 PM (5:20 PM) Attendance: 40033","Chris Donlon (291), Justin Power (1), Jacob Mollison (217)","60.5","77.5909090909091","67.4894412136052","0","0","104","100.363636363636","67.0121136558412","0","0"
"Richmond","Collingwood","2.2.14","3.2.20","6.3.39","7.3.45","9.4.58","12.4.76","10.6.66","17.8.110","66","110","Round: 2 Venue: M.C.G. Date: Thu, 28-Mar-2019 7:20 PM (6:20 PM) Attendance: 70699","Ray Chamberlain (289), Nick Foot (115), Andre Gianfagna (16)","92.5","105.636363636364","71.5838139822294","0","2","100.5","115","68.1084569254208","0","0"
"Sydney","Adelaide","1.2.8","4.5.29","6.6.42","6.10.46","6.10.46","9.15.69","8.14.62","12.16.88","62","88","Round: 2 Venue: S.C.G. Date: Fri, 29-Mar-2019 7:50 PM (6:50 PM) Attendance: 32575","Simon Meredith (343), Rob Findlay (214), Craig Fleer (101)","74","97.0909090909091","88.0421485052467","0","0","107.5","117.136363636364","79.3853143756963","0","0"
"Essendon","St Kilda","0.2.2","2.7.19","4.5.29","7.9.51","7.8.50","8.12.60","9.11.65","10.16.76","65","76","Round: 2 Venue: Docklands Date: Sat, 30-Mar-2019 4:35 PM (3:35 PM) Attendance: 44252","Brett Rosebury (401), Andrew Stephens (88), Brendan Hosking (133)","70.5","89.5454545454545","47.8447163552767","0","1","69","80.3636363636364","54.526136550278","0","0"
"Port Adelaide","Carlton","4.2.26","5.2.32","8.5.53","5.4.34","9.8.62","9.5.59","13.10.88","11.6.72","88","72","Round: 2 Venue: Adelaide Oval Date: Sat, 30-Mar-2019 4:40 PM (4:10 PM) Attendance: 41552","Matt Stevic (358), David Harris (117), Leigh Haussen (35)","64","100.636363636364","90.3556704703539","0","1","46.5","78.1363636363636","85.8660615114058","0","0"
"Geelong","Melbourne","6.1.37","2.2.14","7.4.46","3.4.22","13.4.82","3.9.27","20.6.126","6.10.46","126","46","Round: 2 Venue: Kardinia Park Date: Sat, 30-Mar-2019 7:25 PM (6:25 PM) Attendance: 27561","Shane McInerney (486), Nathan Williamson (47), Brent Wallace (48)","63.5","103.545454545455","102.457297619534","0","0","71","84.9545454545455","59.762607574212","0","0"
"West Coast","Greater Western Sydney","2.3.15","1.3.9","8.4.52","3.6.24","12.5.77","6.10.46","16.8.104","7.10.52","104","52","Round: 2 Venue: Perth Stadium Date: Sat, 30-Mar-2019 5:10 PM (7:10 PM) Attendance: 54985","Jeff Dalgleish (191), Sam Hay (181), Hayden Gavine (31)","89","105.954545454545","76.7937728581136","0","1","73","91.8636363636364","74.6651543987239","0","0"
"North Melbourne","Brisbane Lions","3.4.22","1.2.8","7.5.47","5.5.35","9.8.62","9.10.64","13.9.87","16.11.107","87","107","Round: 2 Venue: Docklands Date: Sun, 31-Mar-2019 1:10 PM (12:10 PM) Attendance: 23100","Dean Margetts (325), Leigh Fisher (116), Andrew Mitchell (114)","106.5","108.045454545455","72.1086992128169","0","0","79.5","94.5","74.8654348370016","0","0"
"Hawthorn","Western Bulldogs","4.2.26","3.4.22","5.3.33","5.7.37","12.7.79","7.7.49","13.9.87","16.10.106","87","106","Round: 2 Venue: M.C.G. Date: Sun, 31-Mar-2019 3:20 PM (2:20 PM) Attendance: 39368","Chris Donlon (292), Jacob Mollison (218), Justin Power (2)","142.5","127.136363636364","95.0069147631574","0","0","69","72.6363636363636","47.1123737204544","0","1"
"Gold Coast","Fremantle","2.4.16","2.3.15","4.8.32","4.5.29","4.16.40","7.7.49","7.19.61","8.10.58","61","58","Round: 2 Venue: Carrara Date: Sun, 31-Mar-2019 3:40 PM Attendance: 10119","Shaun Ryan (307), Rob OGorman (88), Nick Brown (38)","61","65.5909090909091","55.0183165092785","0","1","61.5","74.1363636363636","64.3289873596547","0","0"
"Adelaide","Geelong","3.6.24","6.2.38","4.9.33","8.8.56","9.12.66","10.9.69","10.15.75","14.15.99","75","99","Round: 3 Venue: Adelaide Oval Date: Thu, 4-Apr-2019 7:20 PM (6:50 PM) Attendance: 45631","Brett Rosebury (402), Andrew Stephens (89), Brendan Hosking (134)","91.5","109.227272727273","80.8625711392818","0","0","91","110.954545454545","101.651354322005","0","0"
"Melbourne","Essendon","3.1.19","6.4.40","10.1.61","8.6.54","12.3.75","15.6.96","18.4.112","20.10.130","112","130","Round: 3 Venue: M.C.G. Date: Fri, 5-Apr-2019 7:50 PM (6:50 PM) Attendance: 52475","Matt Stevic (359), David Harris (118), Leigh Haussen (36)","69","81.9090909090909","59.8608776691812","0","0","71.5","85.3181818181818","52.9288708359187","0","0"
"Carlton","Sydney","5.4.34","6.1.37","6.5.41","9.5.59","8.8.56","11.9.75","10.14.74","14.9.93","74","93","Round: 3 Venue: Docklands Date: Sat, 6-Apr-2019 1:45 PM (12:45 PM) Attendance: 39290","Chris Donlon (293), Jacob Mollison (219), Justin Power (3)","48","80.7272727272727","86.1677112314959","0","0","75","98.0454545454545","88.1251692454855","0","0"
"Greater Western Sydney","Richmond","2.4.16","3.6.24","8.7.55","5.10.40","13.10.88","9.14.68","19.11.125","10.16.76","125","76","Round: 3 Venue: Sydney Showground Date: Sat, 6-Apr-2019 4:35 PM (3:35 PM) Attendance: 12697","Shane McInerney (487), Nathan Williamson (48), Brent Wallace (49)","88.5","92.8181818181818","65.4840121262881","0","1","60.5","83.9090909090909","71.4195578728491","0","1"
"Brisbane Lions","Port Adelaide","5.2.32","3.2.20","8.4.52","5.9.39","11.6.72","9.11.65","16.11.107","13.12.90","107","90","Round: 3 Venue: Gabba Date: Sat, 6-Apr-2019 6:25 PM Attendance: 19958","Ray Chamberlain (290), Nick Foot (116), Andre Gianfagna (17)","80.5","95.5","74.8654348370016","0","0","72","101.863636363636","87.6683661547449","0","0"
"Collingwood","West Coast","3.1.19","1.2.8","6.3.39","7.6.48","7.6.48","10.8.68","11.10.76","15.8.98","76","98","Round: 3 Venue: M.C.G. Date: Sat, 6-Apr-2019 7:25 PM (6:25 PM) Attendance: 60878","Simon Meredith (344), Rob Findlay (215), Craig Fleer (102)","101.5","112.045454545455","64.9655419820511","0","0","120.5","115.909090909091","77.1923442360576","0","0"
"Western Bulldogs","Gold Coast","2.4.16","6.4.40","4.8.32","7.6.48","5.10.40","8.11.59","9.14.68","10.13.73","68","73","Round: 3 Venue: Docklands Date: Sun, 7-Apr-2019 2:20 PM Attendance: 22499","Jeff Dalgleish (192), Sam Hay (182), Hayden Gavine (32)","70","73.6363636363636","47.1123737204544","0","0","62","66.5909090909091","55.0183165092785","0","0"
"Hawthorn","North Melbourne","1.2.8","4.3.27","5.3.33","6.6.42","8.6.54","7.11.53","13.9.87","10.11.71","87","71","Round: 3 Venue: M.C.G. Date: Sun, 7-Apr-2019 3:20 PM Attendance: 36174","Shaun Ryan (308), Rob OGorman (89), Nick Brown (39)","88","97.6818181818182","75.4386451196545","0","1","107.5","107.090909090909","72.7748707878057","0","0"
"Fremantle","St Kilda","3.2.20","1.1.7","6.2.38","5.3.33","9.2.56","7.8.50","11.5.71","9.12.66","71","66","Round: 3 Venue: Perth Stadium Date: Sun, 7-Apr-2019 3:20 PM (5:20 PM) Attendance: 38227","Dean Margetts (326), Leigh Fisher (117), Andrew Mitchell (115)","65.5","80.1363636363636","63.2495401485602","0","0","66.5","73.9545454545455","51.6245394516317","0","0"
"Sydney","Melbourne","5.4.34","3.2.20","8.10.58","8.4.52","9.11.65","12.7.79","11.12.78","15.10.100","78","100","Round: 4 Venue: S.C.G. Date: Thu, 11-Apr-2019 7:20 PM Attendance: 26669","Brett Rosebury (403), Andrew Stephens (90), Brent Wallace (50)","76","93.7272727272727","82.0506126138192","0","1","65","72.8181818181818","61.82281622557","0","0"
"Collingwood","Western Bulldogs","1.2.8","0.3.3","4.6.30","2.7.19","6.9.45","7.8.50","11.12.78","9.10.64","78","64","Round: 4 Venue: M.C.G. Date: Fri, 12-Apr-2019 7:50 PM Attendance: 59257","Shaun Ryan (309), Brendan Hosking (135), Rob OGorman (90)","88.5","109.090909090909","69.972041417173","0","0","84","78.9545454545455","45.4212843674975","0","0"
"Geelong","Greater Western Sydney","4.3.27","1.1.7","7.6.48","4.3.27","10.8.68","10.7.67","11.9.75","11.13.79","75","79","Round: 4 Venue: Kardinia Park Date: Sat, 13-Apr-2019 1:45 PM Attendance: 28780","Chris Donlon (294), Jacob Mollison (220), Justin Power (4)","65.5","105.5","102.494483010643","0","1","99","99.9090909090909","70.4718174611458","0","1"
"Essendon","Brisbane Lions","7.2.44","2.2.14","11.6.72","3.5.23","13.8.86","7.8.50","17.10.112","9.11.65","112","65","Round: 4 Venue: M.C.G. Date: Sat, 13-Apr-2019 2:10 PM Attendance: 48289","Dean Margetts (327), Alex Whetton (12), Andrew Mitchell (116)","105","97.8636363636364","51.423818322924","0","1","81.5","96.9090909090909","71.6744685172443","0","0"
"Port Adelaide","Richmond","4.1.25","2.5.17","7.3.45","6.8.44","11.6.72","11.8.74","14.8.92","15.9.99","92","99","Round: 4 Venue: Adelaide Oval Date: Sat, 13-Apr-2019 4:05 PM (4:35 PM) Attendance: 38864","Simon Meredith (345), Craig Fleer (103), Hayden Gavine (33)","73","102.863636363636","87.6683661547449","0","0","61","74.2727272727273","63.3329687845512","0","0"
"North Melbourne","Adelaide","1.6.12","2.4.16","3.10.28","6.6.42","7.14.56","7.9.51","9.17.71","8.11.59","71","59","Round: 4 Venue: Docklands Date: Sat, 13-Apr-2019 7:25 PM Attendance: 17207","Shane McInerney (488), Leigh Fisher (118), David Harris (119)","105","105.590909090909","73.2638149435762","0","0","83","96.2272727272727","77.9413282498486","0","0"
"West Coast","Fremantle","5.1.31","0.5.5","6.3.39","1.9.15","8.5.53","4.12.36","10.9.69","7.14.56","69","56","Round: 4 Venue: Perth Stadium Date: Sat, 13-Apr-2019 6:10 PM (8:10 PM) Attendance: 58219","Ray Chamberlain (291), Sam Hay (183), Nathan Williamson (49)","103","112.136363636364","76.4780052131675","0","0","63.5","73.1818181818182","63.9230462678043","0","1"
"Gold Coast","Carlton","3.1.19","1.3.9","4.4.28","5.4.34","5.8.38","7.7.49","8.11.59","8.9.57","59","57","Round: 4 Venue: Carrara Date: Sun, 14-Apr-2019 2:40 PM Attendance: 14176","Mathew Nicholls (335), Nick Foot (117), Eleni Glouftsis (17)","51.5","65.6818181818182","55.5478226941489","0","0","51","83.2727272727273","85.2325568347491","0","0"
"St Kilda","Hawthorn","3.2.20","3.2.20","5.5.35","6.5.41","8.9.57","10.8.68","10.14.74","10.9.69","74","69","Round: 4 Venue: Docklands Date: Sun, 14-Apr-2019 3:20 PM Attendance: 35883","Rob Findlay (216), Jeff Dalgleish (193), Leigh Haussen (37)","64","63.3181818181818","48.1796107474406","0","0","118.5","110.136363636364","81.9827481588108","0","0"
"Brisbane Lions","Collingwood","3.2.20","7.5.47","5.6.36","8.9.57","7.9.51","16.12.108","8.13.61","18.15.123","61","123","Round: 5 Venue: Gabba Date: Thu, 18-Apr-2019 7:35 PM Attendance: 34017","Brett Rosebury (404), Nathan Williamson (50), Craig Fleer (104)","82.5","97.9090909090909","71.6744685172443","0","0","89.5","108.772727272727","68.4341406151316","0","0"
"North Melbourne","Essendon","1.6.12","3.4.22","3.7.25","9.7.61","4.12.36","13.11.89","7.16.58","17.14.116","58","116","Round: 5 Venue: Docklands Date: Fri, 19-Apr-2019 4:20 PM Attendance: 48278","Sam Hay (184), Simon Meredith (346), Rob Findlay (217)","109.5","108.045454545455","73.4649104919694","0","1","73.5","84.7272727272727","52.1062849862177","0","0"
"West Coast","Port Adelaide","1.1.7","3.5.23","2.2.14","9.9.63","5.3.33","12.12.84","8.5.53","13.17.95","53","95","Round: 5 Venue: Perth Stadium Date: Fri, 19-Apr-2019 6:10 PM (8:10 PM) Attendance: 49290","Leigh Fisher (119), Andrew Stephens (91), Shaun Ryan (310)","142","126.590909090909","72.9433303135347","0","0","67","97.1363636363636","88.7469894617735","0","0"
"Greater Western Sydney","Fremantle","3.6.24","4.4.28","7.9.51","8.7.55","10.13.73","10.9.69","11.16.82","16.10.106","82","106","Round: 5 Venue: Manuka Oval Date: Sat, 20-Apr-2019 1:45 PM Attendance: 11277","Mathew Nicholls (336), Brendan Hosking (136), Eleni Glouftsis (18)","90","91.0454545454545","68.4602611688515","0","1","67.5","79.5454545454545","65.1691771086734","0","0"
"Melbourne","St Kilda","3.3.21","4.1.25","4.5.29","7.2.44","4.8.32","12.5.77","7.13.55","15.5.95","55","95","Round: 5 Venue: M.C.G. Date: Sat, 20-Apr-2019 4:35 PM Attendance: 35558","Ray Chamberlain (292), Alex Whetton (13), David Harris (120)","71","89.5454545454545","79.7434739964446","0","0","68.5","78.3636363636364","57.6620246861753","0","0"
"Richmond","Sydney","3.3.21","2.1.13","9.5.59","4.2.26","11.9.75","6.3.39","13.11.89","10.7.67","89","67","Round: 5 Venue: Docklands Date: Sat, 20-Apr-2019 7:25 PM Attendance: 40053","Chris Donlon (295), Nick Foot (118), Andrew Mitchell (117)","79","90.2272727272727","70.6324704894703","0","0","77","96.4090909090909","80.5124415649733","0","1"
"Western Bulldogs","Carlton","3.3.21","5.3.33","4.10.34","8.5.53","6.12.48","11.6.72","7.15.57","15.11.101","57","101","Round: 5 Venue: Docklands Date: Sun, 21-Apr-2019 1:10 PM Attendance: 35069","Justin Power (5), Jeff Dalgleish (194), Brent Wallace (51)","63.5","66.8181818181818","46.3410096727421","0","0","50","87.6818181818182","87.0896562463547","0","0"
"Adelaide","Gold Coast","1.3.9","0.2.2","6.7.43","1.3.9","12.9.81","4.8.32","18.11.119","6.10.46","119","46","Round: 5 Venue: Adelaide Oval Date: Sun, 21-Apr-2019 4:10 PM (4:40 PM) Attendance: 40847","Rob OGorman (91), Andre Gianfagna (18), Jacob Mollison (221)","84","103.590909090909","83.6453164321767","1","0","52","65.6363636363636","55.580525413087","0","0"
"Hawthorn","Geelong","4.2.26","4.3.27","7.7.49","10.6.66","10.10.70","15.10.100","13.12.90","17.11.113","90","113","Round: 5 Venue: M.C.G. Date: Mon, 22-Apr-2019 3:20 PM Attendance: 66347","Dean Margetts (328), Hayden Gavine (34), Shane McInerney (489)","70","95.9090909090909","81.0889629568655","0","0","93","112.727272727273","100.169466794638","0","0"
"Richmond","Melbourne","3.1.19","4.1.25","5.4.34","4.2.26","7.9.51","5.5.35","12.13.85","6.6.42","85","42","Round: 6 Venue: M.C.G. Date: Wed, 24-Apr-2019 7:35 PM Attendance: 72704","Brett Rosebury (405), Nathan Williamson (51), Craig Fleer (105)","96.5","102.136363636364","76.1329010002812","0","0","72","93.6363636363636","80.3471903408638","0","0"
"Essendon","Collingwood","1.0.6","4.5.29","5.3.33","7.6.48","8.6.54","9.9.63","10.9.69","10.13.73","69","73","Round: 6 Venue: M.C.G. Date: Thu, 25-Apr-2019 3:20 PM Attendance: 92241","Andrew Stephens (92), Brendan Hosking (137), Shaun Ryan (311)","105.5","97.5454545454545","53.6147876480496","0","1","107.5","112.954545454545","68.1388479312836","0","0"
"Port Adelaide","North Melbourne","5.2.32","2.3.15","7.7.49","3.3.21","10.9.69","6.6.42","12.16.88","11.6.72","88","72","Round: 6 Venue: Adelaide Oval Date: Fri, 26-Apr-2019 7:20 PM (7:50 PM) Attendance: 36099","Chris Donlon (296), Mathew Nicholls (337), Andre Gianfagna (19)","59.5","92.6818181818182","90.5577355238274","0","1","107","104.681818181818","69.9403734916811","0","0"
"Gold Coast","Brisbane Lions","3.2.20","2.5.17","6.2.38","6.8.44","7.3.45","11.10.76","9.8.62","16.15.111","62","111","Round: 6 Venue: Carrara Date: Sat, 27-Apr-2019 1:45 PM Attendance: 13694","Justin Power (6), Sam Hay (185), Simon Meredith (347)","53","66.4090909090909","55.8498489497118","0","0","86.5","97.6363636363636","73.784464395611","0","0"
"St Kilda","Adelaide","3.6.24","3.0.18","5.6.36","8.1.49","8.7.55","10.6.66","10.8.68","15.7.97","68","97","Round: 6 Venue: Docklands Date: Sat, 27-Apr-2019 4:35 PM Attendance: 28404","Hayden Gavine (35), John Howorth (1), Shane McInerney (490)","68.5","74.7727272727273","51.4549565553461","0","0","75","91.9545454545455","79.5962892606764","0","0"
"Sydney","Greater Western Sydney","3.1.19","5.5.35","7.3.45","7.8.50","10.6.66","13.10.88","12.7.79","18.12.120","79","120","Round: 6 Venue: S.C.G. Date: Sat, 27-Apr-2019 7:25 PM Attendance: 29780","Dean Margetts (329), Ray Chamberlain (293), Brent Wallace (52)","63.5","73.8181818181818","59.7340425900997","0","0","91","94.4545454545455","64.9151294073579","0","0"
"Fremantle","Western Bulldogs","4.3.27","2.2.14","6.7.43","6.6.42","9.9.63","8.9.57","13.10.88","9.15.69","88","69","Round: 6 Venue: Perth Stadium Date: Sat, 27-Apr-2019 6:10 PM (8:10 PM) Attendance: 43732","Jeff Dalgleish (195), Nick Brown (40), Alex Whetton (14)","68.5","82.0454545454545","64.3113537134013","1","1","73","73.9545454545455","50.5366225271359","0","0"
"Hawthorn","Carlton","2.3.15","6.3.39","3.3.21","8.4.52","8.9.57","9.8.62","13.15.93","13.10.88","93","88","Round: 6 Venue: York Park Date: Sun, 28-Apr-2019 3:20 PM Attendance: 15888","Leigh Fisher (120), Matt Stevic (360), Eleni Glouftsis (19)","120.5","113.227272727273","78.6195975920834","0","0","51","88.7272727272727","87.0507141833244","0","0"
"Geelong","West Coast","7.1.43","2.1.13","8.6.54","3.3.21","12.11.83","5.3.33","15.14.104","7.4.46","104","46","Round: 6 Venue: Kardinia Park Date: Sun, 28-Apr-2019 4:40 PM Attendance: 28085","Rob OGorman (92), Rob Findlay (218), Jacob Mollison (222)","116.5","119.545454545455","99.475638210582","0","0","123.5","116.863636363636","78.1191370094394","0","0"
"Collingwood","Port Adelaide","7.6.48","0.3.3","8.12.60","5.6.36","11.17.83","6.7.43","15.18.108","10.9.69","108","69","Round: 7 Venue: Docklands Date: Fri, 3-May-2019 7:50 PM Attendance: 37559","Dean Margetts (330), Rob OGorman (93), Nathan Williamson (52)","108.5","112.863636363636","63.7318007296391","0","0","50","86.3636363636364","87.5026777574185","0","1"
"Melbourne","Hawthorn","2.3.15","4.5.29","4.5.29","5.8.38","9.10.64","7.8.50","11.13.79","11.8.74","79","74","Round: 7 Venue: M.C.G. Date: Sat, 4-May-2019 1:45 PM Attendance: 40864","Jeff Dalgleish (196), Andre Gianfagna (20), Shane McInerney (491)","68.5","92.8181818181818","80.7002899408472","0","0","144.5","129.590909090909","91.9107533430478","0","0"
"Greater Western Sydney","St Kilda","8.2.50","2.1.13","9.4.58","5.4.34","13.6.84","7.8.50","18.6.114","10.10.70","114","70","Round: 7 Venue: Manuka Oval Date: Sat, 4-May-2019 1:45 PM Attendance: 12633","Nick Brown (41), Jacob Mollison (223), Simon Meredith (348)","74","85.4090909090909","69.9698296144635","0","0","63.5","56.5909090909091","44.6943685500375","0","0"
"Brisbane Lions","Sydney","5.6.36","1.2.8","7.8.50","7.6.48","11.15.81","10.6.66","14.19.103","12.9.81","103","81","Round: 7 Venue: Gabba Date: Sat, 4-May-2019 4:35 PM Attendance: 20075","Alex Whetton (15), Shaun Ryan (312), Craig Fleer (106)","87.5","98.6363636363636","73.784464395611","0","1","72.5","85.5909090909091","68.8121383885895","0","0"
"Western Bulldogs","Richmond","2.5.17","3.2.20","6.7.43","4.6.30","12.8.80","7.7.49","15.9.99","7.10.52","99","52","Round: 7 Venue: Docklands Date: Sat, 4-May-2019 7:25 PM Attendance: 36151","Leigh Fisher (121), Andrew Stephens (93), Sam Hay (186)","74","74.9545454545455","50.5366225271359","0","0","73.5","88.5909090909091","71.5266577617239","0","1"
"West Coast","Gold Coast","3.6.24","1.3.9","8.8.56","2.5.17","9.12.66","5.8.38","11.14.80","8.9.57","80","57","Round: 7 Venue: Perth Stadium Date: Sat, 4-May-2019 6:10 PM (8:10 PM) Attendance: 47497","Matt Stevic (361), Nick Foot (119), John Howorth (2)","144","125.454545454545","76.1306691674176","0","0","55.5","68.0454545454545","51.630073621529","0","0"
"Carlton","North Melbourne","0.2.2","5.4.34","1.7.13","10.6.66","3.10.28","15.7.97","8.14.62","18.12.120","62","120","Round: 7 Venue: Docklands Date: Sun, 5-May-2019 1:10 PM Attendance: 42430","Brett Rosebury (406), Brendan Hosking (138), Cameron Dore (1)","43.5","68.0909090909091","70.5737770610161","0","1","109.5","110.181818181818","73.0692016181115","0","2"
"Geelong","Essendon","4.0.24","3.3.21","7.3.45","4.5.29","10.7.67","5.6.36","13.8.86","7.12.54","86","54","Round: 7 Venue: M.C.G. Date: Sun, 5-May-2019 3:20 PM Attendance: 63527","Mathew Nicholls (338), Ray Chamberlain (294), Eleni Glouftsis (20)","68.5","102.727272727273","95.2376385270435","0","0","90","93.1818181818182","56.5690781793429","0","0"
"Adelaide","Fremantle","1.3.9","2.2.14","1.6.12","2.2.14","5.9.39","3.2.20","7.9.51","5.4.34","51","34","Round: 7 Venue: Adelaide Oval Date: Sun, 5-May-2019 4:10 PM (4:40 PM) Attendance: 42383","Chris Donlon (297), Rob Findlay (219), Brent Wallace (53)","86","104.136363636364","84.7917872564742","0","0","69.5","83.0454545454545","64.3113537134013","0","0"
"Sydney","Essendon","2.6.18","2.3.15","6.8.44","7.3.45","9.9.63","8.6.54","11.11.77","10.12.72","77","72","Round: 8 Venue: S.C.G. Date: Fri, 10-May-2019 7:50 PM Attendance: 26502","Simon Meredith (349), Andre Gianfagna (21), Jacob Mollison (224)","65.5","81.7272727272727","70.6865527847323","0","0","91","94.0454545454545","56.4357850614115","0","0"
"Carlton","Collingwood","1.4.10","2.1.13","5.6.36","5.6.36","10.8.68","9.9.63","13.9.87","16.10.106","87","106","Round: 8 Venue: M.C.G. Date: Sat, 11-May-2019 1:45 PM Attendance: 69289","Jeff Dalgleish (197), John Howorth (3), Craig Fleer (107)","48.5","71.5454545454545","73.8316794006264","0","0","99.5","109.636363636364","69.0172824833409","0","0"
"Western Bulldogs","Brisbane Lions","3.1.19","4.4.28","7.4.46","6.8.44","11.12.78","8.9.57","13.14.92","11.10.76","92","76","Round: 8 Venue: Eureka Stadium Date: Sat, 11-May-2019 1:45 PM Attendance: 9039","Brendan Hosking (139), Rob Findlay (220), Cameron Dore (2)","75","79.8636363636364","51.7671484856725","0","0","84.5","95.3636363636364","75.8485618123662","0","0"
"Gold Coast","Melbourne","2.1.13","3.2.20","3.3.21","3.5.23","5.6.36","5.9.39","9.6.60","8.13.61","60","61","Round: 8 Venue: Carrara Date: Sat, 11-May-2019 4:35 PM Attendance: 9765","Leigh Haussen (38), Rob OGorman (94), Ray Chamberlain (295)","75","72.1363636363636","55.2279220741047","0","0","74","95.6363636363636","80.4703704445339","0","0"
"St Kilda","West Coast","2.1.13","3.3.21","4.5.29","5.6.36","6.8.44","11.8.74","10.10.70","12.16.88","70","88","Round: 8 Venue: Docklands Date: Sat, 11-May-2019 7:25 PM Attendance: 24246","Chris Donlon (298), Mathew Nicholls (339), Eleni Glouftsis (21)","70.5","68","49.0034012424988","0","0","125.5","117.909090909091","77.3187029002803","0","0"
"Port Adelaide","Adelaide","0.2.2","2.1.13","2.8.20","6.5.41","3.12.30","10.8.68","9.14.68","13.10.88","68","88","Round: 8 Venue: Adelaide Oval Date: Sat, 11-May-2019 7:10 PM (7:40 PM) Attendance: 49675","Leigh Fisher (122), Brett Rosebury (407), Andrew Stephens (94)","51","83.8636363636364","83.9496989157909","0","0","87","99.5454545454545","77.9418142393825","0","0"
"North Melbourne","Geelong","1.5.11","3.0.18","4.8.32","8.3.51","9.8.62","14.6.90","11.14.80","16.8.104","80","104","Round: 8 Venue: Docklands Date: Sun, 12-May-2019 1:10 PM Attendance: 21156","Nick Brown (42), Alex Whetton (16), Shaun Ryan (313)","87.5","96.4090909090909","74.25801806373","0","0","96","108.136363636364","96.3165888172192","0","0"
"Hawthorn","Greater Western Sydney","3.1.19","1.3.9","5.5.35","4.4.28","7.9.51","4.5.29","10.11.71","5.8.38","71","38","Round: 8 Venue: M.C.G. Date: Sun, 12-May-2019 3:20 PM Attendance: 14636","Nick Foot (120), Matt Stevic (362), Hayden Gavine (36)","92.5","112.863636363636","92.4029969904324","0","0","79","88.9090909090909","65.7737167733573","0","0"
"Fremantle","Richmond","3.2.20","4.3.27","5.3.33","7.4.46","8.11.59","13.8.86","12.14.86","17.9.111","86","111","Round: 8 Venue: Perth Stadium Date: Sun, 12-May-2019 3:20 PM (5:20 PM) Attendance: 42641","Dean Margetts (331), Nathan Williamson (53), Brent Wallace (54)","70.5","82.4090909090909","65.2961452161349","0","0","74.5","86.4090909090909","73.4118578010451","0","0"
"West Coast","Melbourne","3.2.20","3.4.22","5.4.34","5.8.38","7.6.48","8.12.60","13.7.85","9.15.69","85","69","Round: 9 Venue: Perth Stadium Date: Fri, 17-May-2019 6:10 PM (8:10 PM) Attendance: 51162","Leigh Fisher (123), Dean Margetts (332), Jeff Dalgleish (198)","108","114.863636363636","75.9845193848536","0","0","68","72.2727272727273","65.0319934582985","0","0"
"Collingwood","St Kilda","3.1.19","1.3.9","6.2.38","4.9.33","11.4.70","9.11.65","17.10.112","10.11.71","112","71","Round: 9 Venue: M.C.G. Date: Sat, 18-May-2019 1:45 PM Attendance: 60702","Simon Meredith (350), Rob Findlay (221), Andre Gianfagna (22)","118","120.636363636364","72.3730714552137","0","1","69","64.5909090909091","50.8964018663768","0","0"
"Brisbane Lions","Adelaide","3.5.23","2.4.16","7.8.50","6.8.44","11.11.77","9.11.65","13.15.93","13.14.92","93","92","Round: 9 Venue: Gabba Date: Sat, 18-May-2019 2:10 PM Attendance: 20405","Chris Donlon (299), Leigh Haussen (39), Hayden Gavine (37)","82.5","83.1363636363636","56.0419022267696","0","0","88","105.863636363636","86.8563649856943","0","0"
"Geelong","Western Bulldogs","6.2.38","4.1.25","11.4.70","7.6.48","15.6.96","12.9.81","21.7.133","13.11.89","133","89","Round: 9 Venue: Kardinia Park Date: Sat, 18-May-2019 4:35 PM Attendance: 31373","Nick Foot (121), Brett Rosebury (408), Jacob Mollison (225)","97","115.272727272727","103.886468167891","0","0","76","80.8636363636364","51.7671484856725","0","0"
"Essendon","Fremantle","1.3.9","2.3.15","3.7.25","3.5.23","5.11.41","4.9.33","8.12.60","7.11.53","60","53","Round: 9 Venue: Docklands Date: Sat, 18-May-2019 7:25 PM Attendance: 29176","Matt Stevic (363), Mathew Nicholls (340), Alex Whetton (17)","77.5","89.1363636363636","58.5127543723796","0","0","64","81.0909090909091","65.7766126412935","0","0"
"North Melbourne","Sydney","3.1.19","1.4.10","5.3.33","8.6.54","6.7.43","10.10.70","10.12.72","11.11.77","72","77","Round: 9 Venue: Bellerive Oval Date: Sat, 18-May-2019 7:25 PM Attendance: 12799","Brendan Hosking (140), John Howorth (4), Ray Chamberlain (296)","107.5","110.5","72.8081301059422","0","0","49.5","62.6818181818182","49.4651261122288","0","0"
"Port Adelaide","Gold Coast","3.1.19","4.4.28","6.3.39","6.7.43","9.9.63","7.8.50","13.11.89","7.9.51","89","51","Round: 9 Venue: Adelaide Oval Date: Sun, 19-May-2019 12:40 PM (1:10 PM) Attendance: 26129","Nick Brown (43), Shane McInerney (492), Sam Hay (187)","47.5","81.2727272727273","86.6185847308718","0","0","46.5","62.4090909090909","54.2758905442582","0","0"
"Richmond","Hawthorn","3.2.20","2.5.17","6.6.42","3.8.26","11.7.73","6.9.45","14.11.95","8.11.59","95","59","Round: 9 Venue: M.C.G. Date: Sun, 19-May-2019 3:20 PM Attendance: 64936","Rob OGorman (95), Andrew Stephens (95), Shaun Ryan (314)","83","90.1363636363636","73.5392965599219","0","0","74","104.681818181818","92.1186534874795","0","0"
"Greater Western Sydney","Carlton","7.5.47","1.1.7","13.9.87","2.1.13","18.14.122","5.2.32","20.18.138","7.3.45","138","45","Round: 9 Venue: Sydney Showground Date: Sun, 19-May-2019 4:40 PM Attendance: 9599","Nathan Williamson (54), David Harris (121), Cameron Dore (3)","103.5","104.954545454545","75.8635851366355","0","0","45.5","70.2727272727273","74.3948166513551","0","0"
"Sydney","Collingwood","3.1.19","1.4.10","5.1.31","5.10.40","10.2.62","7.12.54","11.7.73","11.14.80","73","80","Round: 10 Venue: S.C.G. Date: Fri, 24-May-2019 7:50 PM Attendance: 34649","Dean Margetts (333), Rob OGorman (96), Mathew Nicholls (341)","59.5","83.9090909090909","76.25515382483","0","0","119","119.863636363636","79.5698527827058","0","0"
"Hawthorn","Port Adelaide","4.1.25","0.0.0","6.2.38","2.3.15","9.5.59","5.7.37","12.8.80","6.13.49","80","49","Round: 10 Venue: York Park Date: Sat, 25-May-2019 1:45 PM Attendance: 11637","Andrew Mitchell (118), Alex Whetton (18), Jacob Mollison (226)","94.5","113.045454545455","90.681271901055","0","0","59.5","93.2727272727273","89.0126699479092","0","0"
"Western Bulldogs","North Melbourne","5.2.32","5.2.32","6.6.42","10.4.64","9.9.63","13.5.83","13.12.90","18.7.115","90","115","Round: 10 Venue: Docklands Date: Sat, 25-May-2019 2:10 PM Attendance: 26156","Nick Brown (44), Nathan Williamson (55), Shaun Ryan (315)","77","82.6818181818182","50.3297567606323","0","1","108.5","110.409090909091","74.1296541723056","0","0"
"Adelaide","West Coast","2.2.14","3.3.21","7.8.50","3.4.22","9.10.64","8.6.54","10.13.73","13.7.85","73","85","Round: 10 Venue: Adelaide Oval Date: Sat, 25-May-2019 4:05 PM (4:35 PM) Attendance: 41630","Matt Stevic (364), Andrew Stephens (96), David Harris (122)","67","87.9090909090909","76.3444007931658","0","0","109","113.636363636364","77.4354080782327","0","0"
"Richmond","Essendon","1.2.8","0.3.3","4.7.31","1.7.13","8.11.59","2.10.22","10.13.73","6.14.50","73","50","Round: 10 Venue: M.C.G. Date: Sat, 25-May-2019 7:25 PM Attendance: 80176","Chris Donlon (300), Nick Foot (122), Simon Meredith (351)","73.5","89.7727272727273","74.2613992007652","0","0","71","83.7272727272727","58.9658349976467","0","1"
"Gold Coast","Geelong","4.3.27","4.3.27","6.5.41","6.8.44","9.8.62","9.10.64","9.10.64","13.13.91","64","91","Round: 10 Venue: Carrara Date: Sat, 25-May-2019 7:25 PM Attendance: 13144","Rob Findlay (222), Andre Gianfagna (23), Cameron Dore (4)","47.5","62.5909090909091","55.0287016806503","0","0","98","112.5","99.3439192186129","0","0"
"Melbourne","Greater Western Sydney","1.1.7","2.5.17","1.3.9","6.8.44","3.6.24","12.9.81","10.8.68","14.10.94","68","94","Round: 10 Venue: M.C.G. Date: Sun, 26-May-2019 1:10 PM Attendance: 20023","Leigh Haussen (40), Hayden Gavine (38), Ray Chamberlain (297)","62.5","68.2272727272727","67.0521700356782","0","0","110.5","106.5","77.3832453872714","0","0"
"St Kilda","Carlton","2.2.14","3.4.22","5.7.37","5.4.34","8.10.58","6.6.42","9.14.68","8.7.55","68","55","Round: 10 Venue: Docklands Date: Sun, 26-May-2019 3:20 PM Attendance: 35058","Leigh Fisher (124), Curtis Deboy (76), Craig Fleer (108)","70","66.0909090909091","50.3756451840135","0","0","50.5","77.9090909090909","79.6850401750895","0","0"
"Fremantle","Brisbane Lions","3.4.22","5.2.32","5.6.36","5.7.37","9.7.61","10.9.69","10.13.73","10.12.72","73","72","Round: 10 Venue: Perth Stadium Date: Sun, 26-May-2019 3:20 PM (5:20 PM) Attendance: 36383","Jeff Dalgleish (199), Brendan Hosking (141), Sam Hay (188)","57","78.8636363636364","67.9995066190403","0","0","90.5","100.136363636364","75.5722898665311","0","0"
"North Melbourne","Richmond","4.1.25","3.2.20","6.7.43","6.3.39","12.7.79","7.4.46","15.9.99","9.8.62","99","62","Round: 11 Venue: Docklands Date: Fri, 31-May-2019 7:50 PM Attendance: 29326","Dean Margetts (334), Ray Chamberlain (298), Sam Hay (189)","109.5","111.409090909091","74.1296541723056","0","0","101","98.5454545454545","78.6358256368754","0","0"
"Collingwood","Fremantle","3.3.21","3.3.21","6.5.41","4.4.28","8.6.54","8.10.58","11.9.75","11.13.79","75","79","Round: 11 Venue: M.C.G. Date: Sat, 1-Jun-2019 1:45 PM Attendance: 41774","Craig Fleer (109), Alex Whetton (19), Simon Meredith (352)","120","124.5","69.4966597347363","0","1","58","79.8636363636364","67.9995066190403","0","0"
"Greater Western Sydney","Gold Coast","4.2.26","3.3.21","6.5.41","3.4.22","10.7.67","4.7.31","19.12.126","6.7.43","126","43","Round: 11 Venue: Sydney Showground Date: Sat, 1-Jun-2019 1:45 PM Attendance: 7581","Leigh Fisher (125), Shaun Ryan (316), Eleni Glouftsis (22)","111.5","108.954545454545","75.9275828371866","0","1","48.5","54.4090909090909","40.3079326836472","0","1"
"Geelong","Sydney","5.1.31","3.3.21","7.2.44","5.8.38","11.4.70","6.12.48","13.7.85","8.15.63","85","63","Round: 11 Venue: Kardinia Park Date: Sat, 1-Jun-2019 4:35 PM Attendance: 29021","Chris Donlon (301), Brendan Hosking (142), David Harris (123)","97","109.136363636364","90.1275791280367","0","0","68.5","89.6818181818182","85.7434636484995","0","0"
"Brisbane Lions","Hawthorn","0.6.6","5.1.31","5.9.39","7.3.45","9.11.65","9.4.58","12.13.85","10.6.66","85","66","Round: 11 Venue: Gabba Date: Sat, 1-Jun-2019 7:25 PM Attendance: 25051","Curtis Deboy (77), Andrew Stephens (97), Hayden Gavine (39)","87.5","97.3636363636364","76.0341686690583","0","0","125.5","120.954545454545","90.3940986657485","0","0"
"Melbourne","Adelaide","6.3.39","4.0.24","9.4.58","5.3.33","11.8.74","9.4.58","12.16.88","14.6.90","88","90","Round: 11 Venue: Marrara Oval Date: Sat, 1-Jun-2019 7:10 PM (7:40 PM) Attendance: 10634","Nick Foot (123), Rob OGorman (97), Andrew Mitchell (119)","70","78.0909090909091","63.9962120091115","0","0","112","115.727272727273","81.8821346978935","0","1"
"St Kilda","Port Adelaide","3.4.22","5.1.31","5.8.38","12.3.75","7.10.52","18.3.111","9.15.69","22.7.139","69","139","Round: 11 Venue: Jiangwan Stadium Date: Sun, 2-Jun-2019 12:20 PM Attendance: 9412","Nathan Williamson (56), Rob Findlay (223), Andre Gianfagna (24)","73.5","70.5","58.4764910027953","0","0","63.5","93.5","83.7779093510819","0","0"
"Essendon","Carlton","2.3.15","2.2.14","5.4.34","2.4.16","8.5.53","4.8.32","11.8.74","4.9.33","74","33","Round: 11 Venue: M.C.G. Date: Sun, 2-Jun-2019 3:20 PM Attendance: 50423","Justin Power (7), Matt Stevic (365), Jacob Mollison (227)","66","78.7727272727273","60.3213077872171","0","1","47.5","58.3181818181818","46.265678283291","0","0"
"West Coast","Western Bulldogs","3.1.19","2.7.19","7.3.45","4.10.34","16.5.101","7.10.52","21.7.133","10.12.72","133","72","Round: 11 Venue: Perth Stadium Date: Sun, 2-Jun-2019 3:20 PM (5:20 PM) Attendance: 53195","Jeff Dalgleish (200), Mathew Nicholls (342), Leigh Haussen (41)","128.5","120.954545454545","77.0673652584464","0","0","63.5","73.4090909090909","54.0041083894894","0","0"
"Richmond","Geelong","2.1.13","0.2.2","2.4.16","7.4.46","3.6.24","15.8.98","5.7.37","16.8.104","37","104","Round: 12 Venue: M.C.G. Date: Fri, 7-Jun-2019 7:50 PM Attendance: 65214","Matt Stevic (366), Hayden Gavine (40), Alex Whetton (20), Shaun Ryan (317)","63.5","90.4545454545455","79.3327694694211","0","0","121.5","124.181818181818","99.970298619443","0","0"
"Carlton","Brisbane Lions","0.3.3","3.3.21","3.4.22","6.4.40","8.9.57","8.5.53","11.12.78","9.9.63","78","63","Round: 12 Venue: Docklands Date: Sat, 8-Jun-2019 1:45 PM Attendance: 32211","Mathew Nicholls (343), Nathan Williamson (57), Andrew Mitchell (120), Eleni Glouftsis (23)","52.5","79.5454545454545","79.5539513087261","0","0","88.5","97.4090909090909","77.0582087286457","0","0"
"Gold Coast","North Melbourne","1.3.9","7.2.44","4.3.27","9.5.59","7.4.46","12.9.81","11.6.72","14.15.99","72","99","Round: 12 Venue: Carrara Date: Sat, 8-Jun-2019 4:35 PM Attendance: 9305","Leigh Haussen (42), Brendan Hosking (143), David Harris (124), Jacob Mollison (228)","59","65.7727272727273","55.7058018848698","0","0","107.5","106.045454545455","76.6261656620587","0","0"
"Adelaide","Greater Western Sydney","2.5.17","1.2.8","4.7.31","3.4.22","6.7.43","7.5.47","12.10.82","9.7.61","82","61","Round: 12 Venue: Adelaide Oval Date: Sat, 8-Jun-2019 7:10 PM (7:40 PM) Attendance: 41710","Chris Donlon (302), Justin Power (8), Ray Chamberlain (299), Andre Gianfagna (25)","92.5","108.636363636364","77.106324522605","0","1","96","102.136363636364","78.8532666560978","0","0"
"Sydney","West Coast","4.1.25","3.2.20","9.6.60","6.3.39","14.7.91","7.8.50","18.8.116","10.11.71","116","71","Round: 12 Venue: S.C.G. Date: Sun, 9-Jun-2019 3:20 PM Attendance: 36640","Dean Margetts (335), Sam Hay (190), Simon Meredith (353), Craig Fleer (110)","69.5","90.5454545454545","85.9948654462398","0","1","98.5","108.590909090909","73.260565037477","0","0"
"Collingwood","Melbourne","3.5.23","1.2.8","6.8.44","3.5.23","11.8.74","5.9.39","15.8.98","7.15.57","98","57","Round: 12 Venue: M.C.G. Date: Mon, 10-Jun-2019 3:20 PM Attendance: 74036","Matt Stevic (367), Curtis Deboy (78), Alex Whetton (21), Shaun Ryan (318)","96","113.590909090909","73.4358541539804","0","0","73.5","84.4090909090909","63.5794659056561","0","1"
"Adelaide","Richmond","1.1.7","3.2.20","3.7.25","5.6.36","10.10.70","8.9.57","15.11.101","9.14.68","101","68","Round: 13 Venue: Adelaide Oval Date: Thu, 13-Jun-2019 7:20 PM (7:50 PM) Attendance: 40837","Mathew Nicholls (344), Nathan Williamson (58), Rob Findlay (224), Leigh Haussen (43)","93.5","109.636363636364","77.106324522605","0","0","54","78.5454545454545","68.1299369711165","0","0"
"Essendon","Hawthorn","2.2.14","2.3.15","6.7.43","6.4.40","11.11.77","8.6.54","14.12.96","11.11.77","96","77","Round: 13 Venue: Docklands Date: Fri, 14-Jun-2019 7:50 PM Attendance: 44846","Leigh Fisher (126), Ray Chamberlain (300), Simon Meredith (354), Brent Wallace (55)","73","87.3181818181818","57.886083831079","0","0","126.5","125.227272727273","90.0327621946493","0","0"
"Gold Coast","St Kilda","3.5.23","0.2.2","5.6.36","2.5.17","8.9.57","7.8.50","11.10.76","11.14.80","76","80","Round: 13 Venue: Riverway Stadium Date: Sat, 15-Jun-2019 1:45 PM Attendance: 7243","Nick Foot (124), Justin Power (9), Alex Whetton (22), David Harris (125)","57.5","67.2727272727273","52.9241882032185","0","0","74.5","72.0454545454545","55.1866765086399","0","0"
"Fremantle","Port Adelaide","3.2.20","5.1.31","8.4.52","7.5.47","12.6.78","12.7.79","15.10.100","12.7.79","100","79","Round: 13 Venue: Perth Stadium Date: Sat, 15-Jun-2019 2:35 PM (4:35 PM) Attendance: 37451","Jeff Dalgleish (201), Curtis Deboy (79), Brendan Hosking (144), Cameron Dore (5)","59","83.7272727272727","74.7912535108993","0","0","64.5","93.9545454545455","83.3280820856286","0","0"
"Carlton","Western Bulldogs","2.1.13","5.2.32","6.3.39","9.6.60","10.9.69","11.9.75","15.10.100","15.13.103","100","103","Round: 13 Venue: Docklands Date: Sat, 15-Jun-2019 7:25 PM Attendance: 35479","Sam Hay (191), Rob OGorman (98), Andrew Stephens (98), Hayden Gavine (41)","56","89.9545454545455","87.8280122754679","0","1","79","81.8181818181818","51.1744321983401","0","0"
"North Melbourne","Greater Western Sydney","3.0.18","3.2.20","7.3.45","7.3.45","8.6.54","11.6.72","10.8.68","14.7.91","68","91","Round: 13 Venue: Bellerive Oval Date: Sun, 16-Jun-2019 3:20 PM Attendance: 7832","Brett Rosebury (409), Nick Brown (45), Nathan Williamson (59), Jacob Mollison (229)","89.5","99","73.9987129875211","0","1","97","104.818181818182","78.5097120856706","0","0"
"West Coast","Essendon","3.4.22","4.0.24","7.14.56","6.1.37","11.17.83","8.1.49","14.22.106","11.5.71","106","71","Round: 14 Venue: Perth Stadium Date: Thu, 20-Jun-2019 6:10 PM (8:10 PM) Attendance: 52810","Dean Margetts (336), Jeff Dalgleish (202), Hayden Gavine (42), Simon Meredith (355)","149.5","130.954545454545","76.7280151684397","0","0","68.5","85.5454545454545","57.7067523264762","0","0"
"Sydney","Hawthorn","6.1.37","3.1.19","7.4.46","6.3.39","8.9.57","7.7.49","12.10.82","9.9.63","82","63","Round: 14 Venue: S.C.G. Date: Fri, 21-Jun-2019 7:50 PM Attendance: 29553","Justin Power (10), Rob OGorman (99), David Harris (126), Shaun Ryan (319)","74.5","89.8181818181818","75.0273831684687","0","0","127.5","131.363636363636","94.7375047443979","0","0"
"Melbourne","Fremantle","2.1.13","4.1.25","5.4.34","6.4.40","9.6.60","10.5.65","13.7.85","11.5.71","85","71","Round: 14 Venue: M.C.G. Date: Sat, 22-Jun-2019 1:45 PM Attendance: 20211","Nick Foot (125), Curtis Deboy (80), Rob Findlay (225), Cameron Dore (6)","68.5","70.6363636363636","62.5730395728486","0","0","60","84.7272727272727","74.7912535108993","0","0"
"St Kilda","Brisbane Lions","3.3.21","4.6.30","4.6.30","7.8.50","5.7.37","16.11.107","8.11.59","17.13.115","59","115","Round: 14 Venue: Docklands Date: Sat, 22-Jun-2019 4:35 PM Attendance: 22885","Nick Brown (46), Craig Fleer (111), Andrew Mitchell (121), Brent Wallace (56)","76.5","79.5909090909091","57.5099652573022","0","0","93.5","101.818181818182","76.352962560564","0","0"
"Port Adelaide","Geelong","3.4.22","1.2.8","6.5.41","3.4.22","7.9.51","6.6.42","9.13.67","8.8.56","67","56","Round: 14 Venue: Adelaide Oval Date: Sat, 22-Jun-2019 7:10 PM (7:40 PM) Attendance: 37726","Leigh Fisher (127), Brett Rosebury (410), Andre Gianfagna (26), Leigh Haussen (44)","75","92.3181818181818","76.2342170167428","0","0","122.5","124.454545454545","100.83401130322","0","2"
"Western Bulldogs","Collingwood","4.3.27","4.1.25","5.7.37","5.2.32","7.11.53","10.4.64","10.13.73","13.4.82","73","82","Round: 14 Venue: Docklands Date: Sun, 23-Jun-2019 3:20 PM Attendance: 39836","Dean Margetts (337), Andrew Stephens (99), Hayden Gavine (43), Simon Meredith (356)","78.5","81.1363636363636","51.2856570077699","0","0","114.5","119.545454545455","71.7507108129564","0","0"
"Essendon","Greater Western Sydney","3.2.20","1.2.8","5.3.33","5.4.34","6.4.40","7.8.50","12.5.77","10.11.71","77","71","Round: 15 Venue: Docklands Date: Thu, 27-Jun-2019 7:20 PM Attendance: 25195","Mathew Nicholls (345), Brendan Hosking (145), Andre Gianfagna (27)","69.5","85.6363636363636","58.2650311320079","0","0","98","101.272727272727","78.0007214973846","0","0"
"Geelong","Adelaide","4.1.25","5.4.34","7.6.48","7.5.47","11.9.75","9.7.61","14.12.96","10.9.69","96","69","Round: 15 Venue: Kardinia Park Date: Fri, 28-Jun-2019 7:50 PM Attendance: 28108","Leigh Fisher (128), Nathan Williamson (60), Jacob Mollison (230)","105.5","123.818181818182","100.833496118075","0","0","94.5","112.136363636364","87.4350346336369","0","0"
"Hawthorn","West Coast","3.3.21","3.5.23","3.6.24","6.8.44","7.13.55","7.8.50","9.17.71","11.11.77","71","77","Round: 15 Venue: M.C.G. Date: Sat, 29-Jun-2019 1:45 PM Attendance: 31895","Andrew Stephens (100), David Harris (127), Brent Wallace (57)","98.5","119.090909090909","93.0953986336234","0","0","159","134.545454545455","76.0787357017322","0","0"
"Sydney","Gold Coast","2.2.14","2.3.15","6.3.39","5.5.35","10.6.66","6.7.43","14.9.93","7.9.51","93","51","Round: 15 Venue: S.C.G. Date: Sat, 29-Jun-2019 4:35 PM Attendance: 26194","Simon Meredith (357), Rob Findlay (226), Cameron Dore (7)","59.5","73.8636363636364","62.6694240436013","0","0","71","73.1818181818182","56.9549833629168","0","0"
"Collingwood","North Melbourne","1.3.9","2.7.19","3.3.21","4.8.32","4.4.28","8.14.62","5.7.37","11.15.81","37","81","Round: 15 Venue: Docklands Date: Sat, 29-Jun-2019 7:25 PM Attendance: 38801","Leigh Haussen (45), Ray Chamberlain (301), Alex Whetton (23)","98","111","75.8168218549846","0","0","90.5","98.2727272727273","75.9092075588185","0","0"
"Port Adelaide","Western Bulldogs","1.2.8","3.2.20","2.5.17","5.2.32","5.8.38","8.3.51","5.11.41","10.6.66","41","66","Round: 15 Venue: Adelaide Oval Date: Sat, 29-Jun-2019 7:10 PM (7:40 PM) Attendance: 25623","Jeff Dalgleish (203), Craig Fleer (112), Andrew Mitchell (122)","76","89.5454545454545","79.5341958637183","0","0","79.5","82.1363636363636","51.2856570077699","0","1"
"St Kilda","Richmond","3.0.18","2.0.12","7.0.42","6.2.38","8.3.51","9.4.58","10.10.70","16.7.103","70","103","Round: 15 Venue: Docklands Date: Sun, 30-Jun-2019 1:10 PM Attendance: 40962","Justin Power (11), Matt Stevic (368), Shane McInerney (493)","69","66.8636363636364","54.4183927717594","0","0","103","106.909090909091","74.194024333185","0","0"
"Brisbane Lions","Melbourne","2.6.18","3.3.21","4.11.35","6.5.41","10.14.74","9.6.60","15.17.107","11.8.74","107","74","Round: 15 Venue: Gabba Date: Sun, 30-Jun-2019 3:20 PM Attendance: 24809","Nick Foot (126), Brett Rosebury (411), Hayden Gavine (44)","94.5","101.318181818182","77.8945479867533","0","0","73","75.9545454545455","63.484889295258","0","0"
"Fremantle","Carlton","5.2.32","0.3.3","6.3.39","4.5.29","8.8.56","6.8.44","11.9.75","11.13.79","75","79","Round: 15 Venue: Perth Stadium Date: Sun, 30-Jun-2019 3:20 PM (5:20 PM) Attendance: 37293","Dean Margetts (338), Rob OGorman (100), Nick Brown (47)","56","77.1818181818182","70.374262316111","0","0","57","93.5454545454545","87.0800000397704","0","0"
"Hawthorn","Collingwood","1.5.11","4.0.24","3.8.26","5.4.34","4.9.33","6.7.43","9.13.67","9.9.63","67","63","Round: 16 Venue: M.C.G. Date: Fri, 5-Jul-2019 7:50 PM Attendance: 66407","Simon Meredith (358), Rob Findlay (227), Craig Fleer (113)","129.5","125.045454545455","93.2816918048447","0","0","83","96.7272727272727","74.2359057125977","0","0"
"Essendon","Sydney","2.3.15","1.2.8","4.5.29","3.6.24","7.5.47","7.8.50","11.10.76","9.12.66","76","66","Round: 16 Venue: M.C.G. Date: Sat, 6-Jul-2019 1:45 PM Attendance: 60199","Jeff Dalgleish (204), Rob OGorman (101), Andrew Mitchell (123)","70.5","84.1363636363636","54.758600502609","0","0","60.5","75.3181818181818","62.9114164547765","0","0"
"Gold Coast","Richmond","2.1.13","9.2.56","3.1.19","16.7.103","7.2.44","19.9.123","9.4.58","23.12.150","58","150","Round: 16 Venue: Carrara Date: Sat, 6-Jul-2019 2:10 PM Attendance: 16031","Andrew Stephens (101), Alex Whetton (24), David Harris (128)","70","70.6818181818182","59.5318133147042","0","0","87","101.090909090909","76.8888555246864","0","1"
"Adelaide","Port Adelaide","2.7.19","3.1.19","4.11.35","6.2.38","5.12.42","12.5.77","5.14.44","15.11.101","44","101","Round: 16 Venue: Adelaide Oval Date: Sat, 6-Jul-2019 4:05 PM (4:35 PM) Attendance: 50544","Mathew Nicholls (346), Brendan Hosking (146), Andre Gianfagna (28)","99","119.363636363636","78.3384266558187","0","0","84","104.227272727273","74.3331828857212","0","0"
"Western Bulldogs","Geelong","1.4.10","3.5.23","3.5.23","4.8.32","5.7.37","6.11.47","10.11.71","7.13.55","71","55","Round: 16 Venue: Docklands Date: Sat, 6-Jul-2019 7:25 PM Attendance: 35641","Matt Stevic (369), Nick Brown (48), Shane McInerney (494)","72.5","82.4090909090909","51.3119860599832","0","2","124","128.090909090909","99.3794599315022","0","0"
"Fremantle","West Coast","1.2.8","2.5.17","1.7.13","10.7.67","2.14.26","14.7.91","2.19.31","19.8.122","31","122","Round: 16 Venue: Perth Stadium Date: Sat, 6-Jul-2019 6:10 PM (8:10 PM) Attendance: 56358","Leigh Fisher (129), Nathan Williamson (61), Jacob Mollison (231)","71.5","95.0454545454545","77.1136929800515","0","1","131.5","120.909090909091","75.6954481181059","0","0"
"Carlton","Melbourne","2.4.16","4.4.28","5.4.34","7.11.53","10.6.66","14.12.96","15.10.100","15.15.105","100","105","Round: 16 Venue: M.C.G. Date: Sun, 7-Jul-2019 1:10 PM Attendance: 55593","Brett Rosebury (412), Curtis Deboy (81), Andrew Heffernan (1)","57","94.4545454545455","87.1199103987073","0","0","74","85.5909090909091","81.0659103333936","0","0"
"North Melbourne","St Kilda","7.5.47","1.1.7","10.6.66","6.3.39","13.7.85","8.5.53","17.10.112","11.7.73","112","73","Round: 16 Venue: Bellerive Oval Date: Sun, 7-Jul-2019 3:20 PM Attendance: 10696","Nick Foot (127), Leigh Haussen (46), Sam Hay (192)","91.5","99.8181818181818","75.2169157542664","0","0","70","65.0454545454545","47.8633742793234","0","0"
"Greater Western Sydney","Brisbane Lions","1.2.8","4.4.28","5.5.35","8.7.55","8.6.54","12.10.82","11.8.74","14.10.94","74","94","Round: 16 Venue: Sydney Showground Date: Sun, 7-Jul-2019 4:40 PM Attendance: 12268","Dean Margetts (339), Ray Chamberlain (302), Brent Wallace (58)","85","95.8636363636364","76.7483801315302","0","0","95.5","104","76.1039389506846","0","0"
"West Coast","Collingwood","6.3.39","6.1.37","10.4.64","8.3.51","12.4.76","9.6.60","12.5.77","11.12.78","77","78","Round: 17 Venue: Perth Stadium Date: Fri, 12-Jul-2019 6:10 PM (8:10 PM) Attendance: 56251","Dean Margetts (340), Matt Stevic (370), Andrew Stephens (102)","152.5","128.863636363636","78.7366287693137","0","0","87","99.5454545454545","76.1438033452414","0","0"
"Sydney","Carlton","2.5.17","2.5.17","3.10.28","5.8.38","5.12.42","6.13.49","8.14.62","9.15.69","62","69","Round: 17 Venue: S.C.G. Date: Sat, 13-Jul-2019 1:45 PM Attendance: 32570","Mathew Nicholls (347), Brendan Hosking (147), John Howorth (5)","73.5","87.1818181818182","71.6643209119775","0","0","56","93.2727272727273","89.1772882778387","0","0"
"Hawthorn","Fremantle","3.1.19","0.3.3","5.5.35","4.3.27","9.8.62","6.5.41","12.12.84","8.5.53","84","53","Round: 17 Venue: York Park Date: Sat, 13-Jul-2019 2:10 PM Attendance: 13006","Curtis Deboy (82), Alex Whetton (25), Shane McInerney (495)","150.5","134.909090909091","92.7664292166643","0","0","72.5","93.6363636363636","71.1567989955285","0","1"
"Essendon","North Melbourne","4.4.28","6.3.39","6.11.47","7.5.47","11.13.79","9.7.61","12.14.86","12.9.81","86","81","Round: 17 Venue: Docklands Date: Sat, 13-Jul-2019 4:35 PM Attendance: 45682","Ray Chamberlain (303), Craig Fleer (114), Brent Wallace (59)","71.5","85.1363636363636","54.758600502609","0","1","111.5","106.772727272727","74.1111981887332","0","0"
"Gold Coast","Adelaide","2.3.15","5.7.37","2.5.17","12.9.81","4.7.31","19.10.124","8.8.56","23.13.151","56","151","Round: 17 Venue: Carrara Date: Sat, 13-Jul-2019 7:25 PM Attendance: 8741","Rob Findlay (228), Andrew Heffernan (2), Jacob Mollison (232)","81","80.7727272727273","67.8983356400139","0","1","96.5","110.409090909091","76.2175202273755","0","0"
"Geelong","St Kilda","4.4.28","2.2.14","5.7.37","6.3.39","8.8.56","6.7.43","12.12.84","8.9.57","84","57","Round: 17 Venue: Kardinia Park Date: Sat, 13-Jul-2019 7:25 PM Attendance: 24035","Chris Donlon (303), Leigh Fisher (130), Rob OGorman (102)","125","127.409090909091","100.436504031111","0","0","75","74.9545454545455","50.9999787793861","0","0"
"Richmond","Greater Western Sydney","4.4.28","0.2.2","6.7.43","4.5.29","10.13.73","6.7.43","13.16.94","9.13.67","94","67","Round: 17 Venue: M.C.G. Date: Sun, 14-Jul-2019 1:10 PM Attendance: 38986","Nick Foot (128), Brett Rosebury (413), Hayden Gavine (45)","105","112.136363636364","81.5885703097855","0","0","86","98.7727272727273","75.9015225508759","0","2"
"Western Bulldogs","Melbourne","3.3.21","3.2.20","6.5.41","6.4.40","7.13.55","7.7.49","10.14.74","9.12.66","74","66","Round: 17 Venue: Docklands Date: Sun, 14-Jul-2019 3:20 PM Attendance: 26781","Jeff Dalgleish (205), Nathan Williamson (62), Andrew Mitchell (124)","73.5","83.4090909090909","51.3119860599832","0","1","77.5","92.1363636363636","78.0221552506512","0","0"
"Port Adelaide","Brisbane Lions","2.1.13","7.1.43","3.4.22","10.6.66","6.4.40","12.12.84","6.13.49","14.13.97","49","97","Round: 17 Venue: Adelaide Oval Date: Sun, 14-Jul-2019 4:10 PM (4:40 PM) Attendance: 33118","Sam Hay (193), Simon Meredith (359), David Harris (129)","97.5","118.5","77.1558410590139","0","1","92.5","90.4545454545455","57.8542728164211","0","0"
"Adelaide","Essendon","2.5.17","1.2.8","7.10.52","5.3.33","8.11.59","9.5.59","10.15.75","15.6.96","75","96","Round: 18 Venue: Adelaide Oval Date: Fri, 19-Jul-2019 7:20 PM (7:50 PM) Attendance: 47735","Dean Margetts (341), Sam Hay (194), Shane McInerney (496)","101","117.318181818182","72.4393909966488","0","0","72","81.4545454545455","56.3616952605286","0","0"
"Richmond","Port Adelaide","5.4.34","2.4.16","8.5.53","4.6.30","12.7.79","7.7.49","15.11.101","9.9.63","101","63","Round: 18 Venue: M.C.G. Date: Sat, 20-Jul-2019 1:45 PM Attendance: 41642","Rob OGorman (103), Ray Chamberlain (304), Rob Findlay (229)","104","110.954545454545","82.6573404528354","0","1","91","109.909090909091","75.6186605156546","0","0"
"Carlton","Gold Coast","5.3.33","2.3.15","8.5.53","4.5.29","13.6.84","10.6.66","15.9.99","11.9.75","99","75","Round: 18 Venue: Docklands Date: Sat, 20-Jul-2019 2:10 PM Attendance: 31765","Nick Foot (129), John Howorth (6), Craig Fleer (115)","59","95.5454545454545","88.7440016874258","0","1","63","77.9090909090909","69.3726370448952","0","0"
"Greater Western Sydney","Collingwood","8.2.50","1.1.7","9.2.56","3.2.20","13.5.83","7.7.49","19.8.122","11.9.75","122","75","Round: 18 Venue: Sydney Showground Date: Sat, 20-Jul-2019 4:35 PM Attendance: 15467","Simon Meredith (360), Nathan Williamson (63), Brent Wallace (60)","59","91.0454545454545","80.694295114768","0","0","101","110.090909090909","80.077289504405","0","0"
"Brisbane Lions","North Melbourne","1.4.10","5.0.30","4.7.31","8.2.50","7.12.54","8.2.50","12.15.87","12.3.75","87","75","Round: 18 Venue: Gabba Date: Sat, 20-Jul-2019 7:25 PM Attendance: 23833","Leigh Fisher (131), Matt Stevic (371), Andrew Stephens (103)","93.5","101.454545454545","77.5258649758888","0","0","115.5","114.772727272727","74.9488281417851","0","0"
"Fremantle","Sydney","1.1.7","1.4.10","3.6.24","5.4.34","6.7.43","5.6.36","7.10.52","7.9.51","52","51","Round: 18 Venue: Perth Stadium Date: Sat, 20-Jul-2019 6:10 PM (8:10 PM) Attendance: 33594","Brett Rosebury (414), Hayden Gavine (46), David Harris (130)","64","86.4090909090909","78.6206437757007","0","0","51.5","72.5909090909091","64.4335457520523","0","0"
"Geelong","Hawthorn","2.2.14","4.1.25","4.5.29","7.10.52","7.10.52","10.11.71","8.13.61","12.13.85","61","85","Round: 18 Venue: M.C.G. Date: Sun, 21-Jul-2019 1:10 PM Attendance: 53636","Mathew Nicholls (348), Brendan Hosking (148), Andrew Mitchell (125)","126","129.909090909091","99.5274114387872","0","0","151.5","133.227272727273","90.2198013415711","0","0"
"Melbourne","West Coast","1.5.11","5.1.31","7.8.50","8.3.51","10.10.70","10.4.64","11.12.78","14.7.91","78","91","Round: 18 Venue: Traeger Park Date: Sun, 21-Jul-2019 2:50 PM (3:20 PM) Attendance: 7164","Chris Donlon (304), Curtis Deboy (83), Eleni Glouftsis (24)","78.5","93.5","77.5479882149787","0","0","93.5","104.954545454545","80.8999836792775","0","1"
"St Kilda","Western Bulldogs","6.5.41","1.0.6","11.6.72","4.5.29","13.9.87","10.5.65","17.14.116","14.5.89","116","89","Round: 18 Venue: Docklands Date: Sun, 21-Jul-2019 4:40 PM Attendance: 21705","Shaun Ryan (320), Andrew Heffernan (3), Jacob Mollison (233)","76","73.3181818181818","53.656212850789","0","1","95.5","89.4090909090909","50.8233720990171","0","0"
